{
  "RMSE": 76.7437937664421,
  "MAE": 67.19268615708293,
  "MAPE": 16.919541750324424,
  "n_total": 64,
  "n_train": 60,
  "n_valid": 4
}