{
  "order": [
    2,
    0,
    2
  ],
  "seasonal_order": [
    1,
    1,
    0,
    12
  ],
  "metrics_valid": {
    "RMSE": 76.7437937664421,
    "MAE": 67.19268615708293,
    "MAPE": 16.919541750324424
  },
  "val_months": 4,
  "horizon": 3
}